<?xml version="1.0" encoding="UTF-8"?>
<!DOCTYPE hibernate-mapping PUBLIC "-//Hibernate/Hibernate Mapping DTD 3.0//EN" "http://www.hibernate.org/dtd/hibernate-mapping-3.0.dtd">
<hibernate-mapping>
  <class name="poo.pizzeria.Factura" table="Factura">
      <id name="numero" column="numero_factura">
          <generator class="assigned" />
      </id>
      <property name="fechaHoraEmision" column="fecha_hora_emision" type="java.util.Date" />
      
      <many-to-one name="estado" class="poo.pizzeria.EstadoFactura" column="id_estado_factura" lazy="false" />
      
      <bag name="detallesPedido" cascade="all" lazy="false">
          <key column="numero_factura" not-null="true" />
          <one-to-many class="poo.pizzeria.DetallePedido" />
      </bag>
  </class>
</hibernate-mapping>
