<?xml version="1.0" encoding="UTF-8"?>
<!DOCTYPE hibernate-mapping PUBLIC "-//Hibernate/Hibernate Mapping DTD 3.0//EN" "http://hibernate.sourceforge.net/hibernate-mapping-3.0.dtd">
<hibernate-mapping>
  <class name="poo.cine.Pelicula" table="Pelicula">
      <id name="id" column="id_pelicula" type="int">
          <generator class="increment" />
      </id>
      
      <property name="nombre" />
      <property name="anioEstreno" column="anio_estreno" />
      <property name="disponible" />
      <property name="duracion" />
      <property name="fechaIngreso" column="fecha_ingreso" type="java.util.Date" />
      <property name="tituloOriginal" column="titulo_original" />
      
      <many-to-one name="paisDeOrigen" class="poo.cine.PaisDeOrigen" column="id_pais_de_origen"></many-to-one>
      <many-to-one name="genero" class="poo.cine.Genero" column="id_genero"></many-to-one>
      <many-to-one name="calificacion" class="poo.cine.Calificacion" column="id_calificacion"></many-to-one>
      
  </class>
</hibernate-mapping>
